Data Source,World Development Indicators,,,,,,,,,,,,,,,,,,,,,,,,,,,,,,,,,,,,,,,,,,,,,,,,,,,,,,,,,,,,,
,,,,,,,,,,,,,,,,,,,,,,,,,,,,,,,,,,,,,,,,,,,,,,,,,,,,,,,,,,,,,,
Last Updated Date,2018-03-01,,,,,,,,,,,,,,,,,,,,,,,,,,,,,,,,,,,,,,,,,,,,,,,,,,,,,,,,,,,,,
,,,,,,,,,,,,,,,,,,,,,,,,,,,,,,,,,,,,,,,,,,,,,,,,,,,,,,,,,,,,,,
Country Name,Country Code,Indicator Name,Indicator Code,1960,1961,1962,1963,1964,1965,1966,1967,1968,1969,1970,1971,1972,1973,1974,1975,1976,1977,1978,1979,1980,1981,1982,1983,1984,1985,1986,1987,1988,1989,1990,1991,1992,1993,1994,1995,1996,1997,1998,1999,2000,2001,2002,2003,2004,2005,2006,2007,2008,2009,2010,2011,2012,2013,2014,2015,2016,2017,
Aruba,ABW,People using safely managed drinking water services (% of population),SH.H2O.SMDW.ZS,,,,,,,,,,,,,,,,,,,,,,,,,,,,,,,,,,,,,,,,,,,,,,,,,,,,,,,,,,,
Afghanistan,AFG,People using safely managed drinking water services (% of population),SH.H2O.SMDW.ZS,,,,,,,,,,,,,,,,,,,,,,,,,,,,,,,,,,,,,,,,,,,,,,,,,,,,,,,,,,,
Angola,AGO,People using safely managed drinking water services (% of population),SH.H2O.SMDW.ZS,,,,,,,,,,,,,,,,,,,,,,,,,,,,,,,,,,,,,,,,,,,,,,,,,,,,,,,,,,,
Albania,ALB,People using safely managed drinking water services (% of population),SH.H2O.SMDW.ZS,,,,,,,,,,,,,,,,,,,,,,,,,,,,,,,,,,,,,,,,,43.2352673384537,45.1088352996924,46.9669478266825,48.8213037823478,50.6715352812374,52.5171820870923,54.3579208624669,56.1933584398338,58.0231032318432,59.8466761005602,61.6638286105354,63.4741124365256,65.2772050915469,67.0723939914111,68.8595042120187,68.869979425596,,,
Andorra,AND,People using safely managed drinking water services (% of population),SH.H2O.SMDW.ZS,,,,,,,,,,,,,,,,,,,,,,,,,,,,,,,,,,,,,,,,,,,,,,,,,,,,,,,,,,,
Arab World,ARB,People using safely managed drinking water services (% of population),SH.H2O.SMDW.ZS,,,,,,,,,,,,,,,,,,,,,,,,,,,,,,,,,,,,,,,,,,,,,,,,,,,,,,,,,,,
United Arab Emirates,ARE,People using safely managed drinking water services (% of population),SH.H2O.SMDW.ZS,,,,,,,,,,,,,,,,,,,,,,,,,,,,,,,,,,,,,,,,,,,,,,,,,,,,,,,,,,,
Argentina,ARG,People using safely managed drinking water services (% of population),SH.H2O.SMDW.ZS,,,,,,,,,,,,,,,,,,,,,,,,,,,,,,,,,,,,,,,,,97.694743945011,97.7435597925868,97.7911875100652,97.8374880317724,97.8823089722946,97.9967305456147,98.1096100264979,98.2209766875463,98.2694852624099,98.3069442534958,98.3430777803307,98.3778741314803,98.4113653593348,98.409375035814,98.5320653022513,98.5274147955714,,,
Armenia,ARM,People using safely managed drinking water services (% of population),SH.H2O.SMDW.ZS,,,,,,,,,,,,,,,,,,,,,,,,,,,,,,,,,,,,,,,,,26.7013479268149,26.7477576540282,31.0528744424918,35.3755867781183,39.7147452018218,43.8895823697293,46.7157673671697,49.53149010487,52.3300718296851,55.0944115311767,57.8253501638437,60.4999499396311,60.424483453284,60.3556356156611,60.6175712851298,60.5814461944262,,,
American Samoa,ASM,People using safely managed drinking water services (% of population),SH.H2O.SMDW.ZS,,,,,,,,,,,,,,,,,,,,,,,,,,,,,,,,,,,,,,,,,,,,,,,,,,,,,,,,,,,
Antigua and Barbuda,ATG,People using safely managed drinking water services (% of population),SH.H2O.SMDW.ZS,,,,,,,,,,,,,,,,,,,,,,,,,,,,,,,,,,,,,,,,,,,,,,,,,,,,,,,,,,,
Australia,AUS,People using safely managed drinking water services (% of population),SH.H2O.SMDW.ZS,,,,,,,,,,,,,,,,,,,,,,,,,,,,,,,,,,,,,,,,,,,,,,,,,,,,,,,,,,,
Austria,AUT,People using safely managed drinking water services (% of population),SH.H2O.SMDW.ZS,,,,,,,,,,,,,,,,,,,,,,,,,,,,,,,,,,,,,,,,,97.8301532912534,97.8874706943192,97.944788097385,98.0021055004509,98.0594229035167,98.1167403065825,98.1740577096483,98.2313751127141,98.28869251578,98.3460099188458,98.4033273219116,98.4606447249775,98.5179621280433,98.5752795311091,98.6325969341749,98.6899143372408,,,
Azerbaijan,AZE,People using safely managed drinking water services (% of population),SH.H2O.SMDW.ZS,,,,,,,,,,,,,,,,,,,,,,,,,,,,,,,,,,,,,,,,,51.4221946275556,51.7979595501972,52.1713090950688,52.542584310713,54.6645163263577,56.8083417793603,58.974000532073,61.1614286042711,63.3700852441018,65.5999079876723,67.8523413150255,69.7857072338353,70.2146704640767,70.6464120111929,71.0807761315336,71.517164010822,,,
Burundi,BDI,People using safely managed drinking water services (% of population),SH.H2O.SMDW.ZS,,,,,,,,,,,,,,,,,,,,,,,,,,,,,,,,,,,,,,,,,,,,,,,,,,,,,,,,,,,
Belgium,BEL,People using safely managed drinking water services (% of population),SH.H2O.SMDW.ZS,,,,,,,,,,,,,,,,,,,,,,,,,,,,,,,,,,,,,,,,,99.523185662424,99.523185662424,99.5231856624239,99.5231856624239,99.5231856624239,99.4166666666667,99.3,99.1833333333333,99.0666666666667,98.95,98.8333333333333,98.7166666666667,98.6,98.4833333333333,98.3666666666667,98.3666666666667,,,
Benin,BEN,People using safely managed drinking water services (% of population),SH.H2O.SMDW.ZS,,,,,,,,,,,,,,,,,,,,,,,,,,,,,,,,,,,,,,,,,,,,,,,,,,,,,,,,,,,
Burkina Faso,BFA,People using safely managed drinking water services (% of population),SH.H2O.SMDW.ZS,,,,,,,,,,,,,,,,,,,,,,,,,,,,,,,,,,,,,,,,,,,,,,,,,,,,,,,,,,,
Bangladesh,BGD,People using safely managed drinking water services (% of population),SH.H2O.SMDW.ZS,,,,,,,,,,,,,,,,,,,,,,,,,,,,,,,,,,,,,,,,,55.8523093204026,55.8845829487231,55.8922839921358,55.8962396141748,55.8965510134889,55.8934795250347,55.8865166105516,55.8757674871653,55.8613427299702,55.8433582720301,55.8214509769773,55.7958982536755,55.7679731556333,55.7383296230042,55.7066420252038,55.6732467087545,,,
Bulgaria,BGR,People using safely managed drinking water services (% of population),SH.H2O.SMDW.ZS,,,,,,,,,,,,,,,,,,,,,,,,,,,,,,,,,,,,,,,,,97.2085079812474,97.2093667107611,97.2105725651358,97.2117692299454,97.177945064737,97.1323687134955,97.0870416008681,97.0419653129464,96.9971376019704,96.9525505131949,96.9082067565916,96.8640976281619,96.8202197562657,96.7765625637712,96.539545969406,96.5516131546263,,,
Bahrain,BHR,People using safely managed drinking water services (% of population),SH.H2O.SMDW.ZS,,,,,,,,,,,,,,,,,,,,,,,,,,,,,,,,,,,,,,,,,98.6392302217808,98.6491964635827,98.6591627053846,98.6691289471865,98.6790951889884,98.6890614307903,98.6990276725922,98.7089939143941,98.718960156196,98.7289263979979,98.7388926397998,98.74,98.74,98.74,98.74,98.74,,,
"Bahamas, The",BHS,People using safely managed drinking water services (% of population),SH.H2O.SMDW.ZS,,,,,,,,,,,,,,,,,,,,,,,,,,,,,,,,,,,,,,,,,,,,,,,,,,,,,,,,,,,
Bosnia and Herzegovina,BIH,People using safely managed drinking water services (% of population),SH.H2O.SMDW.ZS,,,,,,,,,,,,,,,,,,,,,,,,,,,,,,,,,,,,,,,,,86.561460004652,86.9576577177758,87.3546048732295,87.5117098637901,87.6119943452435,87.7123399819949,87.8127467740444,87.913214721392,88.0143989740895,88.116175107485,88.2184513886314,88.3211614958938,88.4242093280895,88.4787519661563,88.5721687487937,88.575493099588,,,
Belarus,BLR,People using safely managed drinking water services (% of population),SH.H2O.SMDW.ZS,,,,,,,,,,,,,,,,,,,,,,,,,,,,,,,,,,,,,,,,,79.1467676724183,79.1492699006634,79.1517514919744,79.1542072871179,80.5892585430338,82.024893075901,83.4611143136731,84.8979255338858,86.3353362467901,87.7733302796963,89.2119365160737,90.6510946371144,92.0908163161941,93.361215091357,94.4113666061649,94.4286688569901,,,
Belize,BLZ,People using safely managed drinking water services (% of population),SH.H2O.SMDW.ZS,,,,,,,,,,,,,,,,,,,,,,,,,,,,,,,,,,,,,,,,,,,,,,,,,,,,,,,,,,,
Bermuda,BMU,People using safely managed drinking water services (% of population),SH.H2O.SMDW.ZS,,,,,,,,,,,,,,,,,,,,,,,,,,,,,,,,,,,,,,,,,,,,,,,,,,,,,,,,,,,
Bolivia,BOL,People using safely managed drinking water services (% of population),SH.H2O.SMDW.ZS,,,,,,,,,,,,,,,,,,,,,,,,,,,,,,,,,,,,,,,,,,,,,,,,,,,,,,,,,,,
Brazil,BRA,People using safely managed drinking water services (% of population),SH.H2O.SMDW.ZS,,,,,,,,,,,,,,,,,,,,,,,,,,,,,,,,,,,,,,,,,,,,,,,,,,,,,,,,,,,
Barbados,BRB,People using safely managed drinking water services (% of population),SH.H2O.SMDW.ZS,,,,,,,,,,,,,,,,,,,,,,,,,,,,,,,,,,,,,,,,,,,,,,,,,,,,,,,,,,,
Brunei Darussalam,BRN,People using safely managed drinking water services (% of population),SH.H2O.SMDW.ZS,,,,,,,,,,,,,,,,,,,,,,,,,,,,,,,,,,,,,,,,,,,,,,,,,,,,,,,,,,,
Bhutan,BTN,People using safely managed drinking water services (% of population),SH.H2O.SMDW.ZS,,,,,,,,,,,,,,,,,,,,,,,,,,,,,,,,,,,,,,,,,27.1888223748911,27.7737878416053,28.3554005021777,28.9332814994817,29.5072653440872,30.0673522036099,30.5389809908826,31.0058699043956,31.4678836380324,31.924314435646,32.3754401959006,32.8211391432913,33.2580983531412,33.6859212733714,34.0253800747989,34.1548043850168,,,
Botswana,BWA,People using safely managed drinking water services (% of population),SH.H2O.SMDW.ZS,,,,,,,,,,,,,,,,,,,,,,,,,,,,,,,,,,,,,,,,,,,,,,,,,,,,,,,,,,,
Central African Republic,CAF,People using safely managed drinking water services (% of population),SH.H2O.SMDW.ZS,,,,,,,,,,,,,,,,,,,,,,,,,,,,,,,,,,,,,,,,,,,,,,,,,,,,,,,,,,,
Canada,CAN,People using safely managed drinking water services (% of population),SH.H2O.SMDW.ZS,,,,,,,,,,,,,,,,,,,,,,,,,,,,,,,,,,,,,,,,,,,,,,,,,,,,,,,,,,,
Central Europe and the Baltics,CEB,People using safely managed drinking water services (% of population),SH.H2O.SMDW.ZS,,,,,,,,,,,,,,,,,,,,,,,,,,,,,,,,,,,,,,,,,,,,,,90.171057582571,90.5901435833064,90.8835470006896,90.9738526068469,91.0341621629933,91.0965261265331,91.1622904418623,91.2240684225155,91.2746682800578,91.3118416527942,91.5708297952143,,,
Switzerland,CHE,People using safely managed drinking water services (% of population),SH.H2O.SMDW.ZS,,,,,,,,,,,,,,,,,,,,,,,,,,,,,,,,,,,,,,,,,92.8243243243244,92.8243243243244,92.8243243243244,92.8243243243244,93.0635135135135,93.3027027027027,93.541891891892,93.7810810810811,94.0202702702703,94.2594594594595,94.4986486486487,94.7378378378379,94.9770270270271,95.2162162162163,95.4554054054054,95.4554054054054,,,
Channel Islands,CHI,People using safely managed drinking water services (% of population),SH.H2O.SMDW.ZS,,,,,,,,,,,,,,,,,,,,,,,,,,,,,,,,,,,,,,,,,,,,,,,,,,91.975,91.975,91.975,91.975,91.975,91.975,91.975,,,
Chile,CHL,People using safely managed drinking water services (% of population),SH.H2O.SMDW.ZS,,,,,,,,,,,,,,,,,,,,,,,,,,,,,,,,,,,,,,,,,91.5715318791558,92.1923538849972,92.8050881285345,93.4074006916691,94.0003358436576,94.5841319248848,95.1587681240813,95.7248893953523,96.2830631735197,96.8333613304347,97.2015533872266,97.5448341742046,97.8801265982573,98.1818926968064,98.2673954448654,98.1540973070538,,,
China,CHN,People using safely managed drinking water services (% of population),SH.H2O.SMDW.ZS,,,,,,,,,,,,,,,,,,,,,,,,,,,,,,,,,,,,,,,,,,,,,,,,,,,,,,,,,,,
Cote d'Ivoire,CIV,People using safely managed drinking water services (% of population),SH.H2O.SMDW.ZS,,,,,,,,,,,,,,,,,,,,,,,,,,,,,,,,,,,,,,,,,36.4097062981937,37.0998374495627,37.7790492492643,38.4463664286231,39.1018625811007,39.744149115193,40.3752871292276,41.0422041308997,41.6962307779848,42.3356234652095,42.9573912714351,43.5618543614455,44.1480124008306,44.716671823801,45.2677567170882,45.8016327562419,,,
Cameroon,CMR,People using safely managed drinking water services (% of population),SH.H2O.SMDW.ZS,,,,,,,,,,,,,,,,,,,,,,,,,,,,,,,,,,,,,,,,,,,,,,,,,,,,,,,,,,,
"Congo, Dem. Rep.",COD,People using safely managed drinking water services (% of population),SH.H2O.SMDW.ZS,,,,,,,,,,,,,,,,,,,,,,,,,,,,,,,,,,,,,,,,,,,,,,,,,,,,,,,,,,,
"Congo, Rep.",COG,People using safely managed drinking water services (% of population),SH.H2O.SMDW.ZS,,,,,,,,,,,,,,,,,,,,,,,,,,,,,,,,,,,,,,,,,29.9009883354186,30.0417943169703,30.2144332944973,30.3869515738681,30.9975583596335,31.6018823757301,32.1999193994956,32.7919392652282,33.3771179301853,33.9557595562315,34.5278871356306,35.0591413605243,35.5529317019813,36.0544426762992,36.5624366467853,37.0016140327827,,,
Colombia,COL,People using safely managed drinking water services (% of population),SH.H2O.SMDW.ZS,,,,,,,,,,,,,,,,,,,,,,,,,,,,,,,,,,,,,,,,,67.4197150532572,67.7902871863204,68.1576724418777,68.5218927673941,68.8834405704683,69.2413932203866,69.5962467826587,69.7963698092799,69.9917951170783,70.1825516527654,70.3686684359798,70.5501745592865,70.7266703506918,70.8986253642496,71.0493728215767,71.1226222625859,,,
Comoros,COM,People using safely managed drinking water services (% of population),SH.H2O.SMDW.ZS,,,,,,,,,,,,,,,,,,,,,,,,,,,,,,,,,,,,,,,,,,,,,,,,,,,,,,,,,,,
Cabo Verde,CPV,People using safely managed drinking water services (% of population),SH.H2O.SMDW.ZS,,,,,,,,,,,,,,,,,,,,,,,,,,,,,,,,,,,,,,,,,,,,,,,,,,,,,,,,,,,
Costa Rica,CRI,People using safely managed drinking water services (% of population),SH.H2O.SMDW.ZS,,,,,,,,,,,,,,,,,,,,,,,,,,,,,,,,,,,,,,,,,70.2732290855809,71.9709094152789,73.6648159996781,75.3539282250844,77.0376189027268,78.7148876928109,80.3854435141382,82.0486833121981,83.7040833269261,85.3511207163809,86.758591926402,87.4572467864731,88.1195491966815,88.7462773883785,89.3280346039691,89.80124,,,
Caribbean small states,CSS,People using safely managed drinking water services (% of population),SH.H2O.SMDW.ZS,,,,,,,,,,,,,,,,,,,,,,,,,,,,,,,,,,,,,,,,,,,,,,,,,,,,,,,,,,,
Cuba,CUB,People using safely managed drinking water services (% of population),SH.H2O.SMDW.ZS,,,,,,,,,,,,,,,,,,,,,,,,,,,,,,,,,,,,,,,,,,,,,,,,,,,,,,,,,,,
Curacao,CUW,People using safely managed drinking water services (% of population),SH.H2O.SMDW.ZS,,,,,,,,,,,,,,,,,,,,,,,,,,,,,,,,,,,,,,,,,,,,,,,,,,,,,,,,,,,
Cayman Islands,CYM,People using safely managed drinking water services (% of population),SH.H2O.SMDW.ZS,,,,,,,,,,,,,,,,,,,,,,,,,,,,,,,,,,,,,,,,,,,,,,,,,,,,,,,,,,,
Cyprus,CYP,People using safely managed drinking water services (% of population),SH.H2O.SMDW.ZS,,,,,,,,,,,,,,,,,,,,,,,,,,,,,,,,,,,,,,,,,95.8474137931036,95.8474137931036,95.8474137931036,95.8474137931036,96.1603448275863,96.473275862069,96.7862068965518,97.0991379310345,97.4120689655173,97.725,98.0379310344828,98.3508620689656,98.6637931034484,98.9767241379311,99.2896551724139,99.6025862068966,,,
Czech Republic,CZE,People using safely managed drinking water services (% of population),SH.H2O.SMDW.ZS,,,,,,,,,,,,,,,,,,,,,,,,,,,,,,,,,,,,,,,,,96.3218600398982,96.317920657958,96.4358278376798,96.55407,96.6726828243942,96.7916665004108,96.9110212175977,97.0307266563465,97.1508265245191,97.2712824951813,97.3921282761952,97.5133355442892,97.5688269042341,97.5744852900173,97.5801704469873,97.5801480117469,,,
Germany,DEU,People using safely managed drinking water services (% of population),SH.H2O.SMDW.ZS,,,,,,,,,,,,,,,,,,,,,,,,,,,,,,,,,,,,,,,,,99.35,99.35,99.35,99.35,99.35,99.35,99.35,99.35,99.35,99.35,99.35,99.35,99.324688,99.269868,99.2151316,99.2154214,,,
Djibouti,DJI,People using safely managed drinking water services (% of population),SH.H2O.SMDW.ZS,,,,,,,,,,,,,,,,,,,,,,,,,,,,,,,,,,,,,,,,,,,,,,,,,,,,,,,,,,,
Dominica,DMA,People using safely managed drinking water services (% of population),SH.H2O.SMDW.ZS,,,,,,,,,,,,,,,,,,,,,,,,,,,,,,,,,,,,,,,,,,,,,,,,,,,,,,,,,,,
Denmark,DNK,People using safely managed drinking water services (% of population),SH.H2O.SMDW.ZS,,,,,,,,,,,,,,,,,,,,,,,,,,,,,,,,,,,,,,,,,93.8333908045978,93.8333908045978,93.8333908045978,93.8333908045978,94.1447701149426,94.4561494252875,94.7675287356323,95.0789080459771,95.3902873563219,95.7016666666667,96.0130459770116,96.3244252873564,96.6358045977013,96.739436,96.737478,96.735564,,,
Dominican Republic,DOM,People using safely managed drinking water services (% of population),SH.H2O.SMDW.ZS,,,,,,,,,,,,,,,,,,,,,,,,,,,,,,,,,,,,,,,,,,,,,,,,,,,,,,,,,,,
Algeria,DZA,People using safely managed drinking water services (% of population),SH.H2O.SMDW.ZS,,,,,,,,,,,,,,,,,,,,,,,,,,,,,,,,,,,,,,,,,,,,,,,,,,,,,,,,,,,
East Asia & Pacific (excluding high income),EAP,People using safely managed drinking water services (% of population),SH.H2O.SMDW.ZS,,,,,,,,,,,,,,,,,,,,,,,,,,,,,,,,,,,,,,,,,,,,,,,,,,,,,,,,,,,
Early-demographic dividend,EAR,People using safely managed drinking water services (% of population),SH.H2O.SMDW.ZS,,,,,,,,,,,,,,,,,,,,,,,,,,,,,,,,,,,,,,,,,,,,,,,,,,,,,,,,,,,
East Asia & Pacific,EAS,People using safely managed drinking water services (% of population),SH.H2O.SMDW.ZS,,,,,,,,,,,,,,,,,,,,,,,,,,,,,,,,,,,,,,,,,,,,,,,,,,,,,,,,,,,
Europe & Central Asia (excluding high income),ECA,People using safely managed drinking water services (% of population),SH.H2O.SMDW.ZS,,,,,,,,,,,,,,,,,,,,,,,,,,,,,,,,,,,,,,,,,70.9342298879653,70.9797092339042,71.0854046979175,71.2191265917693,71.8781605235569,72.5808471278677,73.2827979591494,73.8905542646238,74.4180090897797,74.9532934512001,75.4603133659978,75.9454353701385,76.398281421137,79.511903144412,79.5565072247781,79.6470981963088,,,
Europe & Central Asia,ECS,People using safely managed drinking water services (% of population),SH.H2O.SMDW.ZS,,,,,,,,,,,,,,,,,,,,,,,,,,,,,,,,,,,,,,,,,86.24,86.32,86.46,86.6,86.89,87.62,87.9,88.17,88.44,88.69,88.94,89.18,89.42,90.54,90.67,90.78,,,
Ecuador,ECU,People using safely managed drinking water services (% of population),SH.H2O.SMDW.ZS,,,,,,,,,,,,,,,,,,,,,,,,,,,,,,,,,,,,,,,,,66.3582688766237,66.961154916078,67.5165701621856,68.0400630407545,68.5640466417722,69.0882481316698,69.612663792853,70.1378405316579,70.6632289633522,71.1888253703413,71.7149050645909,72.2414680461008,72.7707663785181,73.3025470554435,73.8371200863891,74.360781870586,,,
"Egypt, Arab Rep.",EGY,People using safely managed drinking water services (% of population),SH.H2O.SMDW.ZS,,,,,,,,,,,,,,,,,,,,,,,,,,,,,,,,,,,,,,,,,,,,,,,,,,,,,,,,,,,
Euro area,EMU,People using safely managed drinking water services (% of population),SH.H2O.SMDW.ZS,,,,,,,,,,,,,,,,,,,,,,,,,,,,,,,,,,,,,,,,,94.6518213152133,94.7914864769318,94.9325941626853,95.0792071679248,95.2358100720769,95.3907746634611,95.5459276636665,95.6928366101975,95.8364034095588,95.9793408515226,96.1134106942481,96.2292453550352,96.3471988815436,96.439198745846,96.4265683832377,96.4095215564197,,,
Eritrea,ERI,People using safely managed drinking water services (% of population),SH.H2O.SMDW.ZS,,,,,,,,,,,,,,,,,,,,,,,,,,,,,,,,,,,,,,,,,,,,,,,,,,,,,,,,,,,
Spain,ESP,People using safely managed drinking water services (% of population),SH.H2O.SMDW.ZS,,,,,,,,,,,,,,,,,,,,,,,,,,,,,,,,,,,,,,,,,98.45,98.45,98.45,98.45,98.45,98.45,98.45,98.45,98.45,98.45,98.45,98.45,98.4267781073065,98.3353178897343,98.176350392079,98.1776322862262,,,
Estonia,EST,People using safely managed drinking water services (% of population),SH.H2O.SMDW.ZS,,,,,,,,,,,,,,,,,,,,,,,,,,,,,,,,,,,,,,,,,93.2438166796669,93.4613797452698,93.6809817337365,93.9024897999721,94.1260600904333,94.3516978541158,94.5792896576336,93.4548632177102,91.9908778881385,90.5261264678657,89.0605828479151,87.5942490359889,86.1271012382892,84.659286883135,83.1907304489527,81.6905798272931,,,
Ethiopia,ETH,People using safely managed drinking water services (% of population),SH.H2O.SMDW.ZS,,,,,,,,,,,,,,,,,,,,,,,,,,,,,,,,,,,,,,,,,4.73992273094862,5.09153566357872,5.40519197278657,5.60407824657818,5.82884379042193,6.07931861178964,6.35568425970007,6.66307934530707,7.05750472487001,7.47787636464594,7.92487177501881,8.39739064352607,8.89572175886942,9.41805399017708,9.96499758161989,10.5354226672548,,,
European Union,EUU,People using safely managed drinking water services (% of population),SH.H2O.SMDW.ZS,,,,,,,,,,,,,,,,,,,,,,,,,,,,,,,,,,,,,,,,,93.9416970507551,94.044470862328,94.1583204260946,94.278270416857,94.4779507668604,94.6165207630929,94.7976269964076,94.9517733113784,95.0611876314366,95.1616226853943,95.256616405566,95.3376331069797,95.4216803159344,95.48483901404,95.4747766621074,95.5118427327185,,,
Fragile and conflict affected situations,FCS,People using safely managed drinking water services (% of population),SH.H2O.SMDW.ZS,,,,,,,,,,,,,,,,,,,,,,,,,,,,,,,,,,,,,,,,,,,,,,,,,,,,,,,,,,,
Finland,FIN,People using safely managed drinking water services (% of population),SH.H2O.SMDW.ZS,,,,,,,,,,,,,,,,,,,,,,,,,,,,,,,,,,,,,,,,,91.9721673520169,92.6442508171483,93.31633428228,93.9884177474114,94.6605012125428,95.3325846776743,96.0046681428057,96.6767516079374,97.3488350730688,98.0209185382002,98.0723914285714,97.7690982857142,97.464724,97.1592479999999,96.8526577142857,96.8509991428571,,,
Fiji,FJI,People using safely managed drinking water services (% of population),SH.H2O.SMDW.ZS,,,,,,,,,,,,,,,,,,,,,,,,,,,,,,,,,,,,,,,,,,,,,,,,,,,,,,,,,,,
France,FRA,People using safely managed drinking water services (% of population),SH.H2O.SMDW.ZS,,,,,,,,,,,,,,,,,,,,,,,,,,,,,,,,,,,,,,,,,93.2339999545455,93.24177775,93.2493872727273,93.2568267272727,93.2640971363636,93.2712088636364,93.2781521818182,93.2849384772727,93.2915625454545,93.2980254090909,93.3043377272727,93.3104870909091,93.31649,93.3151975,93.3139105,93.31264,,,
Faroe Islands,FRO,People using safely managed drinking water services (% of population),SH.H2O.SMDW.ZS,,,,,,,,,,,,,,,,,,,,,,,,,,,,,,,,,,,,,,,,,,,,,,,,,,,,,,,,,,,
"Micronesia, Fed. Sts.",FSM,People using safely managed drinking water services (% of population),SH.H2O.SMDW.ZS,,,,,,,,,,,,,,,,,,,,,,,,,,,,,,,,,,,,,,,,,,,,,,,,,,,,,,,,,,,
Gabon,GAB,People using safely managed drinking water services (% of population),SH.H2O.SMDW.ZS,,,,,,,,,,,,,,,,,,,,,,,,,,,,,,,,,,,,,,,,,,,,,,,,,,,,,,,,,,,
United Kingdom,GBR,People using safely managed drinking water services (% of population),SH.H2O.SMDW.ZS,,,,,,,,,,,,,,,,,,,,,,,,,,,,,,,,,,,,,,,,,95.65,95.65,95.65,95.65,95.65,95.65,95.65,95.65,95.65,95.65,95.65,95.65,95.65,95.65,95.65,95.65,,,
Georgia,GEO,People using safely managed drinking water services (% of population),SH.H2O.SMDW.ZS,,,,,,,,,,,,,,,,,,,,,,,,,,,,,,,,,,,,,,,,,73.900727944449,74.1455325175659,74.4040011700184,74.67660279649,75.3329560871849,75.9915519103056,76.2797151601961,75.6183994789276,74.9499762240834,74.2769269784705,73.598539552667,72.912191778702,72.2178457480784,72.4696900435417,72.7206048097703,72.9704824273645,,,
Ghana,GHA,People using safely managed drinking water services (% of population),SH.H2O.SMDW.ZS,,,,,,,,,,,,,,,,,,,,,,,,,,,,,,,,,,,,,,,,,15.8068763336248,16.1256527967444,16.8121136443134,17.512003822006,18.2255857565191,18.9514374879345,19.6904819952095,20.4422977382882,21.2067989542267,21.9828399368963,22.7717307847052,23.5723157769594,24.3826743575363,25.2015554560127,26.0287800755655,26.8649162825756,,,
Gibraltar,GIB,People using safely managed drinking water services (% of population),SH.H2O.SMDW.ZS,,,,,,,,,,,,,,,,,,,,,,,,,,,,,,,,,,,,,,,,,99.052257470054,99.052257470054,99.052257470054,99.052257470054,99.052257470054,99.052257470054,99.052257470054,99.052257470054,99.052257470054,99.052257470054,99.052257470054,99.052257470054,99.052257470054,99.052257470054,99.052257470054,99.052257470054,,,
Guinea,GIN,People using safely managed drinking water services (% of population),SH.H2O.SMDW.ZS,,,,,,,,,,,,,,,,,,,,,,,,,,,,,,,,,,,,,,,,,,,,,,,,,,,,,,,,,,,
"Gambia, The",GMB,People using safely managed drinking water services (% of population),SH.H2O.SMDW.ZS,,,,,,,,,,,,,,,,,,,,,,,,,,,,,,,,,,,,,,,,,,,,,,,,,,,,,,,,,,,
Guinea-Bissau,GNB,People using safely managed drinking water services (% of population),SH.H2O.SMDW.ZS,,,,,,,,,,,,,,,,,,,,,,,,,,,,,,,,,,,,,,,,,,,,,,,,,,,,,,,,,,,
Equatorial Guinea,GNQ,People using safely managed drinking water services (% of population),SH.H2O.SMDW.ZS,,,,,,,,,,,,,,,,,,,,,,,,,,,,,,,,,,,,,,,,,,,,,,,,,,,,,,,,,,,
Greece,GRC,People using safely managed drinking water services (% of population),SH.H2O.SMDW.ZS,,,,,,,,,,,,,,,,,,,,,,,,,,,,,,,,,,,,,,,,,98.5390634435058,98.5781400314112,98.623656966294,98.6666253987726,98.7071455698807,98.7451429603911,98.7806881135904,98.8138388653639,98.8446200645549,98.8730225578965,98.899104427582,98.9229109912887,98.9444452485719,98.9200624287518,98.8944726490867,98.8957731329526,,,
Grenada,GRD,People using safely managed drinking water services (% of population),SH.H2O.SMDW.ZS,,,,,,,,,,,,,,,,,,,,,,,,,,,,,,,,,,,,,,,,,,,,,,,,,,,,,,,,,,,
Greenland,GRL,People using safely managed drinking water services (% of population),SH.H2O.SMDW.ZS,,,,,,,,,,,,,,,,,,,,,,,,,,,,,,,,,,,,,,,,,93.8333908045978,93.8333908045978,93.8333908045978,93.8333908045978,94.1447701149426,94.4561494252874,94.7675287356322,95.0789080459771,95.3902873563219,95.7016666666667,96.0130459770116,96.3244252873565,96.6358045977013,96.758037,96.753505,96.749204,,,
Guatemala,GTM,People using safely managed drinking water services (% of population),SH.H2O.SMDW.ZS,,,,,,,,,,,,,,,,,,,,,,,,,,,,,,,,,,,,,,,,,50.1711664060099,50.859854011099,51.5513935733296,52.2459401332965,52.9437347935156,53.6446507195252,54.3487418604398,55.0559701953741,55.7662088646002,56.4795080345772,57.1957409647305,57.9147831927501,58.6367684990665,59.3614016717436,60.0888984304843,60.8189673207422,,,
Guam,GUM,People using safely managed drinking water services (% of population),SH.H2O.SMDW.ZS,,,,,,,,,,,,,,,,,,,,,,,,,,,,,,,,,,,,,,,,,,,,,,,,,,,,,,,,,,,
Guyana,GUY,People using safely managed drinking water services (% of population),SH.H2O.SMDW.ZS,,,,,,,,,,,,,,,,,,,,,,,,,,,,,,,,,,,,,,,,,,,,,,,,,,,,,,,,,,,
High income,HIC,People using safely managed drinking water services (% of population),SH.H2O.SMDW.ZS,,,,,,,,,,,,,,,,,,,,,,,,,,,,,,,,,,,,,,,,,95.16,95.16,95.59,95.72,95.86,96.67,96.81,96.94,97.05,97.17,97.26,97.35,97.44,97.47,97.5,97.53,,,
"Hong Kong SAR, China",HKG,People using safely managed drinking water services (% of population),SH.H2O.SMDW.ZS,,,,,,,,,,,,,,,,,,,,,,,,,,,,,,,,,,,,,,,,,98.0098141157177,98.1562887969794,98.3028605891521,98.4495294922358,98.5962955062305,98.7431586311362,98.8901188669529,99.0371762136807,99.1843306713194,99.3315822398691,99.4789309193299,99.6263767097016,99.7739196109843,99.9215596231781,100,100,,,
Honduras,HND,People using safely managed drinking water services (% of population),SH.H2O.SMDW.ZS,,,,,,,,,,,,,,,,,,,,,,,,,,,,,,,,,,,,,,,,,,,,,,,,,,,,,,,,,,,
Heavily indebted poor countries (HIPC),HPC,People using safely managed drinking water services (% of population),SH.H2O.SMDW.ZS,,,,,,,,,,,,,,,,,,,,,,,,,,,,,,,,,,,,,,,,,,,,,,,,,,,,,,,,,,,
Croatia,HRV,People using safely managed drinking water services (% of population),SH.H2O.SMDW.ZS,,,,,,,,,,,,,,,,,,,,,,,,,,,,,,,,,,,,,,,,,89.2622843048152,89.2858734785969,89.8992041789674,90.51278,91.104880115929,91.6958728495324,92.2853369621515,92.8726130632717,93.457168735943,93.058664594978,92.6398862605008,92.2191946568306,91.7965028699999,91.3717501163041,90.9448770503169,90.4517514548998,,,
Haiti,HTI,People using safely managed drinking water services (% of population),SH.H2O.SMDW.ZS,,,,,,,,,,,,,,,,,,,,,,,,,,,,,,,,,,,,,,,,,,,,,,,,,,,,,,,,,,,
Hungary,HUN,People using safely managed drinking water services (% of population),SH.H2O.SMDW.ZS,,,,,,,,,,,,,,,,,,,,,,,,,,,,,,,,,,,,,,,,,52.3003113504182,52.30036312504,52.301348879888,52.3015636165061,54.7380805394317,57.1746465450318,59.6112653505277,62.0479065476881,64.4845704841919,66.9212549287648,69.3579615187765,71.7946893126383,74.2314372716178,76.6682011947062,79.1049811386029,81.5417747831721,,,
IBRD only,IBD,People using safely managed drinking water services (% of population),SH.H2O.SMDW.ZS,,,,,,,,,,,,,,,,,,,,,,,,,,,,,,,,,,,,,,,,,,,,,,,,,,,,,,,,,,,
IDA & IBRD total,IBT,People using safely managed drinking water services (% of population),SH.H2O.SMDW.ZS,,,,,,,,,,,,,,,,,,,,,,,,,,,,,,,,,,,,,,,,,,,,,,,,,,,,,,,,,,,
IDA total,IDA,People using safely managed drinking water services (% of population),SH.H2O.SMDW.ZS,,,,,,,,,,,,,,,,,,,,,,,,,,,,,,,,,,,,,,,,,,,,,,,,,,,,,,,,,,,
IDA blend,IDB,People using safely managed drinking water services (% of population),SH.H2O.SMDW.ZS,,,,,,,,,,,,,,,,,,,,,,,,,,,,,,,,,,,,,,,,,30.1916946037808,30.4302035149522,30.563086956361,30.683649361249,30.7985183182138,30.7916982787934,30.7750105894689,30.7401840669134,30.6942066920594,30.6223466153065,30.5588958223446,30.4824351657655,30.3755285084512,28.5101774170176,28.3831865325274,28.2184199606724,,,
Indonesia,IDN,People using safely managed drinking water services (% of population),SH.H2O.SMDW.ZS,,,,,,,,,,,,,,,,,,,,,,,,,,,,,,,,,,,,,,,,,,,,,,,,,,,,,,,,,,,
IDA only,IDX,People using safely managed drinking water services (% of population),SH.H2O.SMDW.ZS,,,,,,,,,,,,,,,,,,,,,,,,,,,,,,,,,,,,,,,,,,,,,,,,,,,,,,,,,,,
Isle of Man,IMN,People using safely managed drinking water services (% of population),SH.H2O.SMDW.ZS,,,,,,,,,,,,,,,,,,,,,,,,,,,,,,,,,,,,,,,,,,,,,,,,,,,,96.2599681020734,96.2599681020734,96.2599681020734,96.2599681020734,96.2599681020734,,,
India,IND,People using safely managed drinking water services (% of population),SH.H2O.SMDW.ZS,,,,,,,,,,,,,,,,,,,,,,,,,,,,,,,,,,,,,,,,,,,,,,,,,,,,,,,,,,,
Not classified,INX,People using safely managed drinking water services (% of population),SH.H2O.SMDW.ZS,,,,,,,,,,,,,,,,,,,,,,,,,,,,,,,,,,,,,,,,,,,,,,,,,,,,,,,,,,,
Ireland,IRL,People using safely managed drinking water services (% of population),SH.H2O.SMDW.ZS,,,,,,,,,,,,,,,,,,,,,,,,,,,,,,,,,,,,,,,,,91.7441528734892,92.2437927433426,92.7449132155311,93.2473980006526,93.7514244447624,94.2570158978132,94.764160192635,95.2728710190059,95.7831379914313,96.2949729306483,96.8083672577987,97.3233235096217,97.8398313368694,98.3578935059817,98.8755782910563,98.8752877857429,,,
"Iran, Islamic Rep.",IRN,People using safely managed drinking water services (% of population),SH.H2O.SMDW.ZS,,,,,,,,,,,,,,,,,,,,,,,,,,,,,,,,,,,,,,,,,91.1240866147461,91.2151452251009,91.305440774475,91.3949732628685,91.4836155134513,91.4940904234512,91.5017974878775,91.5008481310707,91.4945091668108,91.4857981388477,91.4748615018852,91.4616042088827,91.4462870394584,91.4274263401094,91.4053201610098,91.3801432310782,,,
Iraq,IRQ,People using safely managed drinking water services (% of population),SH.H2O.SMDW.ZS,,,,,,,,,,,,,,,,,,,,,,,,,,,,,,,,,,,,,,,,,,,,,,,,,,,,,,,,,,,
Iceland,ISL,People using safely managed drinking water services (% of population),SH.H2O.SMDW.ZS,,,,,,,,,,,,,,,,,,,,,,,,,,,,,,,,,,,,,,,,,89.5372727272727,90.1618181818183,90.7863636363636,91.4109090909092,92.0354545454545,92.6600000000001,93.2845454545454,93.909090909091,94.5336363636363,95.1581818181819,95.7827272727272,96.4072727272728,97.0318181818182,97.6563636363637,98.2809090909091,98.2809090909091,,,
Israel,ISR,People using safely managed drinking water services (% of population),SH.H2O.SMDW.ZS,,,,,,,,,,,,,,,,,,,,,,,,,,,,,,,,,,,,,,,,,99.39,99.39,99.39,99.39,99.39,99.39,99.39,99.39,99.39,99.39,99.39,99.39,99.39,99.39,99.39,99.39,,,
Italy,ITA,People using safely managed drinking water services (% of population),SH.H2O.SMDW.ZS,,,,,,,,,,,,,,,,,,,,,,,,,,,,,,,,,,,,,,,,,86.4650990752973,87.0342932628798,87.6034874504624,88.1726816380449,88.7418758256276,89.3110700132102,89.8802642007927,90.4494583883752,91.0186525759577,91.5878467635403,92.157040951123,92.7262351387055,93.295429326288,93.8646235138706,93.8920754716981,93.678679245283,,,
Jamaica,JAM,People using safely managed drinking water services (% of population),SH.H2O.SMDW.ZS,,,,,,,,,,,,,,,,,,,,,,,,,,,,,,,,,,,,,,,,,,,,,,,,,,,,,,,,,,,
Jordan,JOR,People using safely managed drinking water services (% of population),SH.H2O.SMDW.ZS,,,,,,,,,,,,,,,,,,,,,,,,,,,,,,,,,,,,,,,,,94.1701274755223,94.1106545990309,94.0514510723106,93.992477744661,93.9337291460461,93.87519980643,93.8168842557768,93.7587770240505,93.700911184134,93.6432047879357,93.5856903005566,93.5284026182247,93.4712151721123,93.4141188454927,93.3560185961715,93.2933627920115,,,
Japan,JPN,People using safely managed drinking water services (% of population),SH.H2O.SMDW.ZS,,,,,,,,,,,,,,,,,,,,,,,,,,,,,,,,,,,,,,,,,96.7330874203821,96.7330874203821,96.7330874203821,96.7330874203821,96.7330874203822,96.7750072292994,96.8169270382166,96.8588468471338,96.900766656051,96.9426864649681,96.9846062738854,97.0265260828026,97.0684458917198,97.110365700637,97.1522855095541,97.1942053184713,,,
Kazakhstan,KAZ,People using safely managed drinking water services (% of population),SH.H2O.SMDW.ZS,,,,,,,,,,,,,,,,,,,,,,,,,,,,,,,,,,,,,,,,,,,,,,,,,,,,,,,,,,,
Kenya,KEN,People using safely managed drinking water services (% of population),SH.H2O.SMDW.ZS,,,,,,,,,,,,,,,,,,,,,,,,,,,,,,,,,,,,,,,,,,,,,,,,,,,,,,,,,,,
Kyrgyz Republic,KGZ,People using safely managed drinking water services (% of population),SH.H2O.SMDW.ZS,,,,,,,,,,,,,,,,,,,,,,,,,,,,,,,,,,,,,,,,,46.350875123295,46.3498222518257,46.5782253161053,46.8061042744864,47.0345102510611,48.6789972299607,50.3446365010257,52.0304064350421,53.7368245015423,55.4643706658023,57.2219166264789,59.0088472846725,60.8254123853768,62.6695606551635,64.5335018738969,66.3104188677391,,,
Cambodia,KHM,People using safely managed drinking water services (% of population),SH.H2O.SMDW.ZS,,,,,,,,,,,,,,,,,,,,,,,,,,,,,,,,,,,,,,,,,16.865037629556,17.3297314593605,17.7955021904417,18.2623498227992,18.7306171178003,19.2003178818716,19.6711139557881,20.1433619073436,20.6167143730288,21.0959263898584,21.5804366929379,22.0711471056851,22.5682371116461,23.07150201372,23.5814962718154,24.0987927544098,,,
Kiribati,KIR,People using safely managed drinking water services (% of population),SH.H2O.SMDW.ZS,,,,,,,,,,,,,,,,,,,,,,,,,,,,,,,,,,,,,,,,,,,,,,,,,,,,,,,,,,,
St. Kitts and Nevis,KNA,People using safely managed drinking water services (% of population),SH.H2O.SMDW.ZS,,,,,,,,,,,,,,,,,,,,,,,,,,,,,,,,,,,,,,,,,,,,,,,,,,,,,,,,,,,
"Korea, Rep.",KOR,People using safely managed drinking water services (% of population),SH.H2O.SMDW.ZS,,,,,,,,,,,,,,,,,,,,,,,,,,,,,,,,,,,,,,,,,,,96.7643690862892,96.7643690862892,96.7643690862892,96.7643690862892,96.7643690862892,97.0020286348425,97.2399795726362,97.4782218996701,97.7167556159443,97.9555807214587,98.0227130730895,98.0234766595842,98.0239623648573,98.0241701889086,,,
Kuwait,KWT,People using safely managed drinking water services (% of population),SH.H2O.SMDW.ZS,,,,,,,,,,,,,,,,,,,,,,,,,,,,,,,,,,,,,,,,,100,100,100,100,100,100,100,100,100,100,100,100,100,100,100,100,,,
Latin America & Caribbean (excluding high income),LAC,People using safely managed drinking water services (% of population),SH.H2O.SMDW.ZS,,,,,,,,,,,,,,,,,,,,,,,,,,,,,,,,,,,,,,,,,,,,,,,,,,,,,,,,,,,
Lao PDR,LAO,People using safely managed drinking water services (% of population),SH.H2O.SMDW.ZS,,,,,,,,,,,,,,,,,,,,,,,,,,,,,,,,,,,,,,,,,,,,,,,,,,,,,,,,,,,
Lebanon,LBN,People using safely managed drinking water services (% of population),SH.H2O.SMDW.ZS,,,,,,,,,,,,,,,,,,,,,,,,,,,,,,,,,,,,,,,,,43.9882601747899,44.223971394958,44.459682615126,44.6953938352941,44.9311050554622,45.1668162756302,45.4025274957983,45.6382387159664,45.8739499361344,46.1096611563025,46.3453723764706,46.5810835966387,46.8167948168067,47.0525060369748,47.2882172571428,47.5239284773109,,,
Liberia,LBR,People using safely managed drinking water services (% of population),SH.H2O.SMDW.ZS,,,,,,,,,,,,,,,,,,,,,,,,,,,,,,,,,,,,,,,,,,,,,,,,,,,,,,,,,,,
Libya,LBY,People using safely managed drinking water services (% of population),SH.H2O.SMDW.ZS,,,,,,,,,,,,,,,,,,,,,,,,,,,,,,,,,,,,,,,,,,,,,,,,,,,,,,,,,,,
St. Lucia,LCA,People using safely managed drinking water services (% of population),SH.H2O.SMDW.ZS,,,,,,,,,,,,,,,,,,,,,,,,,,,,,,,,,,,,,,,,,,,,,,,,,,,,,,,,,,,
Latin America & Caribbean,LCN,People using safely managed drinking water services (% of population),SH.H2O.SMDW.ZS,,,,,,,,,,,,,,,,,,,,,,,,,,,,,,,,,,,,,,,,,61.02,61.26,61.52,61.76,62.01,62.23,62.45,62.65,62.84,63.19,63.56,63.92,64.3,64.67,65.04,65.39,,,
Least developed countries: UN classification,LDC,People using safely managed drinking water services (% of population),SH.H2O.SMDW.ZS,,,,,,,,,,,,,,,,,,,,,,,,,,,,,,,,,,,,,,,,,,,,,,,,,,,,,,,,,,,
Low income,LIC,People using safely managed drinking water services (% of population),SH.H2O.SMDW.ZS,,,,,,,,,,,,,,,,,,,,,,,,,,,,,,,,,,,,,,,,,,,,,,,,,,,,,,,,,,,
Liechtenstein,LIE,People using safely managed drinking water services (% of population),SH.H2O.SMDW.ZS,,,,,,,,,,,,,,,,,,,,,,,,,,,,,,,,,,,,,,,,,100,100,100,100,100,100,100,100,100,100,100,100,100,100,100,100,,,
Sri Lanka,LKA,People using safely managed drinking water services (% of population),SH.H2O.SMDW.ZS,,,,,,,,,,,,,,,,,,,,,,,,,,,,,,,,,,,,,,,,,,,,,,,,,,,,,,,,,,,
Lower middle income,LMC,People using safely managed drinking water services (% of population),SH.H2O.SMDW.ZS,,,,,,,,,,,,,,,,,,,,,,,,,,,,,,,,,,,,,,,,,,,,,,,,,,,,,,,,,,,
Low & middle income,LMY,People using safely managed drinking water services (% of population),SH.H2O.SMDW.ZS,,,,,,,,,,,,,,,,,,,,,,,,,,,,,,,,,,,,,,,,,,,,,,,,,,,,,,,,,,,
Lesotho,LSO,People using safely managed drinking water services (% of population),SH.H2O.SMDW.ZS,,,,,,,,,,,,,,,,,,,,,,,,,,,,,,,,,,,,,,,,,,,,,,,,,,,,,,,,,,,
Late-demographic dividend,LTE,People using safely managed drinking water services (% of population),SH.H2O.SMDW.ZS,,,,,,,,,,,,,,,,,,,,,,,,,,,,,,,,,,,,,,,,,,,,,,,,,,,,,,,,,,,
Lithuania,LTU,People using safely managed drinking water services (% of population),SH.H2O.SMDW.ZS,,,,,,,,,,,,,,,,,,,,,,,,,,,,,,,,,,,,,,,,,70.7720485298352,71.1761119000287,71.5777793655076,71.9806775184013,73.5793645081488,75.2023549423727,76.8487031171245,78.508020697138,80.1802601438726,81.8577365865708,83.5416146465196,85.2402475579514,86.9550582719161,88.6858344421483,90.4322464859864,91.6944000584097,,,
Luxembourg,LUX,People using safely managed drinking water services (% of population),SH.H2O.SMDW.ZS,,,,,,,,,,,,,,,,,,,,,,,,,,,,,,,,,,,,,,,,,98.10212992,98.11098316,98.11742188,98.12369116,98.12981924,98.13576376,98.14156708,98.14721508,98.152736,98.15807336,98.16328364,98.16835272,98.17316764,98.17770016,98.18199264,98.1860592,,,
Latvia,LVA,People using safely managed drinking water services (% of population),SH.H2O.SMDW.ZS,,,,,,,,,,,,,,,,,,,,,,,,,,,,,,,,,,,,,,,,,81.2215893327423,81.2174602501923,81.2701876992307,81.3248374023077,81.38422889,81.443305,81.4984206197231,81.552762095,81.6073391264154,81.6620336023231,81.716906644,81.7720067576154,81.8273339431692,81.874482212378,81.9028396178,81.9360712766857,,,
"Macao SAR, China",MAC,People using safely managed drinking water services (% of population),SH.H2O.SMDW.ZS,,,,,,,,,,,,,,,,,,,,,,,,,,,,,,,,,,,,,,,,,99.97,99.97,99.97,99.97,99.9721212121212,99.9742424242424,99.9763636363636,99.9784848484849,99.9806060606061,99.9827272727273,99.9848484848485,99.9869696969697,99.9890909090909,99.9912121212121,99.9933333333333,99.9954545454546,,,
St. Martin (French part),MAF,People using safely managed drinking water services (% of population),SH.H2O.SMDW.ZS,,,,,,,,,,,,,,,,,,,,,,,,,,,,,,,,,,,,,,,,,,,,,,,,,,,,,,,,,,,
Morocco,MAR,People using safely managed drinking water services (% of population),SH.H2O.SMDW.ZS,,,,,,,,,,,,,,,,,,,,,,,,,,,,,,,,,,,,,,,,,54.7750043243977,55.6965590593229,56.6113425998355,57.5180460034768,58.4173294142534,59.4044809092553,60.4000046088438,61.38327300738,62.3543201415287,63.3126106683857,64.2587706952938,65.192287570459,66.1137647101138,67.0221881562251,67.9171473669921,68.7992797953121,,,
Monaco,MCO,People using safely managed drinking water services (% of population),SH.H2O.SMDW.ZS,,,,,,,,,,,,,,,,,,,,,,,,,,,,,,,,,,,,,,,,,100,100,100,100,100,100,100,100,100,100,100,100,100,100,100,100,,,
Moldova,MDA,People using safely managed drinking water services (% of population),SH.H2O.SMDW.ZS,,,,,,,,,,,,,,,,,,,,,,,,,,,,,,,,,,,,,,,,,36.3610732895824,38.6901533903952,41.0290807791354,43.3779084753612,45.7366894986311,48.1054768685033,50.4843236045364,52.8732827262885,55.2724072533181,57.6845618757619,60.1100858168117,62.5489363243437,65.0015224575618,67.467866847343,69.9480858868158,69.9569721477719,,,
Madagascar,MDG,People using safely managed drinking water services (% of population),SH.H2O.SMDW.ZS,,,,,,,,,,,,,,,,,,,,,,,,,,,,,,,,,,,,,,,,,,,,,,,,,,,,,,,,,,,
Maldives,MDV,People using safely managed drinking water services (% of population),SH.H2O.SMDW.ZS,,,,,,,,,,,,,,,,,,,,,,,,,,,,,,,,,,,,,,,,,,,,,,,,,,,,,,,,,,,
Middle East & North Africa,MEA,People using safely managed drinking water services (% of population),SH.H2O.SMDW.ZS,,,,,,,,,,,,,,,,,,,,,,,,,,,,,,,,,,,,,,,,,64.57,64.7,65.27,65.97,66.69,67.79,68.93,70.08,71.23,72.35,73.44,74.09,74.73,75.33,75.94,76.55,,,
Mexico,MEX,People using safely managed drinking water services (% of population),SH.H2O.SMDW.ZS,,,,,,,,,,,,,,,,,,,,,,,,,,,,,,,,,,,,,,,,,38.7190689999042,38.9982027501017,39.2743791627482,39.5476363524065,39.8180778167168,40.0856066691354,40.3503875554284,40.6123932070812,40.8717101819281,41.128275473037,41.3822198465625,41.6334614969606,41.8820954519684,42.128145262488,42.3716974863541,42.6127841443715,,,
Marshall Islands,MHL,People using safely managed drinking water services (% of population),SH.H2O.SMDW.ZS,,,,,,,,,,,,,,,,,,,,,,,,,,,,,,,,,,,,,,,,,,,,,,,,,,,,,,,,,,,
Middle income,MIC,People using safely managed drinking water services (% of population),SH.H2O.SMDW.ZS,,,,,,,,,,,,,,,,,,,,,,,,,,,,,,,,,,,,,,,,,,,,,,,,,,,,,,,,,,,
"Macedonia, FYR",MKD,People using safely managed drinking water services (% of population),SH.H2O.SMDW.ZS,,,,,,,,,,,,,,,,,,,,,,,,,,,,,,,,,,,,,,,,,90.9853260323289,90.9493482740669,90.9133705158049,90.8773927575428,90.8412428568968,91.1075396014691,91.3877983699139,91.6797596539568,91.9813947257534,92.2904961603158,91.2214970948933,89.4744899550156,87.7275188030182,85.9820101465304,84.7324138604484,83.4898081092532,,,
Mali,MLI,People using safely managed drinking water services (% of population),SH.H2O.SMDW.ZS,,,,,,,,,,,,,,,,,,,,,,,,,,,,,,,,,,,,,,,,,,,,,,,,,,,,,,,,,,,
Malta,MLT,People using safely managed drinking water services (% of population),SH.H2O.SMDW.ZS,,,,,,,,,,,,,,,,,,,,,,,,,,,,,,,,,,,,,,,,,99.98,99.98,99.98,99.9771428571429,99.9742857142857,99.9714285714286,99.9685714285714,99.9657142857143,99.9628571428572,99.96,99.9571428571429,99.9542857142857,99.9514285714286,99.9485714285714,99.9457142857143,99.9428571428572,,,
Myanmar,MMR,People using safely managed drinking water services (% of population),SH.H2O.SMDW.ZS,,,,,,,,,,,,,,,,,,,,,,,,,,,,,,,,,,,,,,,,,,,,,,,,,,,,,,,,,,,
Middle East & North Africa (excluding high income),MNA,People using safely managed drinking water services (% of population),SH.H2O.SMDW.ZS,,,,,,,,,,,,,,,,,,,,,,,,,,,,,,,,,,,,,,,,,,,,,,,,,,,,,,,,,,,
Montenegro,MNE,People using safely managed drinking water services (% of population),SH.H2O.SMDW.ZS,,,,,,,,,,,,,,,,,,,,,,,,,,,,,,,,,,,,,,,,,,,,,,,83.3232950114249,84.7923319164395,86.2656329304095,87.7431907706129,89.2249508837623,89.5008030346076,89.6047916777247,89.6405520787564,89.6750254287743,89.7082004038348,,,
Mongolia,MNG,People using safely managed drinking water services (% of population),SH.H2O.SMDW.ZS,,,,,,,,,,,,,,,,,,,,,,,,,,,,,,,,,,,,,,,,,,,,,,,,,,,,,,,,,,,
Northern Mariana Islands,MNP,People using safely managed drinking water services (% of population),SH.H2O.SMDW.ZS,,,,,,,,,,,,,,,,,,,,,,,,,,,,,,,,,,,,,,,,,77.057987512959,77.0880840239842,77.1181805350094,77.1482770460345,79.3551994778996,81.5638196616688,82.125682241819,82.1689509424369,82.2122284208506,82.2555146770599,82.2988097110649,82.3421135228657,82.3854261124621,82.3854261124621,82.3854261124621,82.3854261124621,,,
Mozambique,MOZ,People using safely managed drinking water services (% of population),SH.H2O.SMDW.ZS,,,,,,,,,,,,,,,,,,,,,,,,,,,,,,,,,,,,,,,,,,,,,,,,,,,,,,,,,,,
Mauritania,MRT,People using safely managed drinking water services (% of population),SH.H2O.SMDW.ZS,,,,,,,,,,,,,,,,,,,,,,,,,,,,,,,,,,,,,,,,,,,,,,,,,,,,,,,,,,,
Mauritius,MUS,People using safely managed drinking water services (% of population),SH.H2O.SMDW.ZS,,,,,,,,,,,,,,,,,,,,,,,,,,,,,,,,,,,,,,,,,,,,,,,,,,,,,,,,,,,
Malawi,MWI,People using safely managed drinking water services (% of population),SH.H2O.SMDW.ZS,,,,,,,,,,,,,,,,,,,,,,,,,,,,,,,,,,,,,,,,,,,,,,,,,,,,,,,,,,,
Malaysia,MYS,People using safely managed drinking water services (% of population),SH.H2O.SMDW.ZS,,,,,,,,,,,,,,,,,,,,,,,,,,,,,,,,,,,,,,,,,93.7516527339522,93.8486891425852,93.6920843727754,93.5319006193575,93.3795530312601,93.2347057341505,93.0973346043702,92.9672322455518,92.8442370795052,92.7279827492628,92.6184127778381,92.5152748860332,92.4169095260097,92.3227996098691,92.2325914985963,92.1459495063088,,,
North America,NAC,People using safely managed drinking water services (% of population),SH.H2O.SMDW.ZS,,,,,,,,,,,,,,,,,,,,,,,,,,,,,,,,,,,,,,,,,,,,,,99.03,99.02,99.02,99.02,99.01,99.01,99.01,99,99,99,98.99,,,
Namibia,NAM,People using safely managed drinking water services (% of population),SH.H2O.SMDW.ZS,,,,,,,,,,,,,,,,,,,,,,,,,,,,,,,,,,,,,,,,,,,,,,,,,,,,,,,,,,,
New Caledonia,NCL,People using safely managed drinking water services (% of population),SH.H2O.SMDW.ZS,,,,,,,,,,,,,,,,,,,,,,,,,,,,,,,,,,,,,,,,,86.2290681728363,86.2290681728363,86.2290681728363,87.0409427971672,87.8564285645273,88.6755254749166,89.4982335283345,90.3245527247817,91.1544830642579,91.9880245467628,92.825177172297,93.6659409408602,94.5103158524521,95.3583019070734,96.2098991047235,97.0651074454025,,,
Niger,NER,People using safely managed drinking water services (% of population),SH.H2O.SMDW.ZS,,,,,,,,,,,,,,,,,,,,,,,,,,,,,,,,,,,,,,,,,,,,,,,,,,,,,,,,,,,
Nigeria,NGA,People using safely managed drinking water services (% of population),SH.H2O.SMDW.ZS,,,,,,,,,,,,,,,,,,,,,,,,,,,,,,,,,,,,,,,,,16.7741496071026,17.3274031922289,17.6378353910651,17.9296166679328,18.2029666926443,18.4579682552588,18.6951977137787,18.9150760601389,19.1084416218499,19.2179708335096,19.3054762354903,19.3697000272095,19.4111212053761,19.4300440871638,19.4269610819363,19.4022070110531,,,
Nicaragua,NIC,People using safely managed drinking water services (% of population),SH.H2O.SMDW.ZS,,,,,,,,,,,,,,,,,,,,,,,,,,,,,,,,,,,,,,,,,54.4444198775081,55.373158912409,56.2920050162938,56.7630167620899,56.903246149176,57.0431974656511,57.1886608477173,57.3387098333943,57.493378698878,57.653189230326,57.8176910503218,57.986918435061,58.1609056607394,58.3396870035527,58.5232967396966,58.711273066356,,,
Netherlands,NLD,People using safely managed drinking water services (% of population),SH.H2O.SMDW.ZS,,,,,,,,,,,,,,,,,,,,,,,,,,,,,,,,,,,,,,,,,99.9998678414097,99.9968832599119,99.9938986784141,99.9909140969163,99.9879295154185,99.9849449339207,99.9819603524229,99.9789757709251,99.9759911894273,99.9730066079295,99.9700220264317,99.9670374449339,99.9640528634361,99.9610682819383,99.9580837004405,99.9550991189427,,,
Norway,NOR,People using safely managed drinking water services (% of population),SH.H2O.SMDW.ZS,,,,,,,,,,,,,,,,,,,,,,,,,,,,,,,,,,,,,,,,,95.0533115,95.0492315,95.0455085,95.043545,95.0431625,95.041335,95.0379435,95.035011,95.032529,95.0300725,95.027633,95.0252275,95.0228475,95.0205185,95.018232,95.0159795,,,
Nepal,NPL,People using safely managed drinking water services (% of population),SH.H2O.SMDW.ZS,,,,,,,,,,,,,,,,,,,,,,,,,,,,,,,,,,,,,,,,,23.9990351175729,24.2199488625356,24.4083868586301,24.595776419233,24.7821930693967,24.9674721552719,25.151571897735,25.3344505176624,25.5161723990066,25.696584029018,25.8757442210995,26.0535050330511,26.230109751679,26.405399293684,26.5793151682927,26.7517122185803,,,
Nauru,NRU,People using safely managed drinking water services (% of population),SH.H2O.SMDW.ZS,,,,,,,,,,,,,,,,,,,,,,,,,,,,,,,,,,,,,,,,,,,,,,,,,,,,,,,,,,,
New Zealand,NZL,People using safely managed drinking water services (% of population),SH.H2O.SMDW.ZS,,,,,,,,,,,,,,,,,,,,,,,,,,,,,,,,,,,,,,,,,76.6688888888884,76.6688888888884,76.6688888888884,76.6688888888884,76.6688888888884,76.6688888888884,79.0888888888885,81.5088888888886,83.9288888888887,86.3488888888887,88.7688888888888,91.1888888888889,93.6088888888889,96.028888888889,98.4488888888891,100,,,
OECD members,OED,People using safely managed drinking water services (% of population),SH.H2O.SMDW.ZS,,,,,,,,,,,,,,,,,,,,,,,,,,,,,,,,,,,,,,,,,,,,,,90.6449345037224,90.7241750034181,90.8079489705012,90.8877675865234,90.9621449063944,91.0301068709006,91.0856376790702,91.1417428175897,91.1872116585652,91.2013060276068,91.2079874564561,,,
Oman,OMN,People using safely managed drinking water services (% of population),SH.H2O.SMDW.ZS,,,,,,,,,,,,,,,,,,,,,,,,,,,,,,,,,,,,,,,,,,74.5625370857329,74.559534746351,74.556532406969,74.6042696031421,74.6902866264351,76.1993163455665,77.6899451590678,79.1624983810676,80.6171250209476,82.0543886621786,83.4746146188889,84.8777114159439,86.2644429141637,87.6356670288493,88.5,,,
Other small states,OSS,People using safely managed drinking water services (% of population),SH.H2O.SMDW.ZS,,,,,,,,,,,,,,,,,,,,,,,,,,,,,,,,,,,,,,,,,,,,,,,,,,,,,,,,,,,
Pakistan,PAK,People using safely managed drinking water services (% of population),SH.H2O.SMDW.ZS,,,,,,,,,,,,,,,,,,,,,,,,,,,,,,,,,,,,,,,,,38.1053840621842,38.1243606252611,38.1442506070682,38.1645767715789,38.1854353770179,37.9698383609898,37.7518686959461,37.5312487530656,37.3077051155636,37.0808313081338,36.8505179769679,36.616504165887,36.3785331307475,36.1362514545791,35.8894376678266,35.6379572049868,,,
Panama,PAN,People using safely managed drinking water services (% of population),SH.H2O.SMDW.ZS,,,,,,,,,,,,,,,,,,,,,,,,,,,,,,,,,,,,,,,,,,,,,,,,,,,,,,,,,,,
Peru,PER,People using safely managed drinking water services (% of population),SH.H2O.SMDW.ZS,,,,,,,,,,,,,,,,,,,,,,,,,,,,,,,,,,,,,,,,,44.99926741641,45.3715770276537,45.7400475509639,46.105127487244,46.4664269187351,46.8235665791592,47.17740352727,47.5271499389391,47.8736522214396,48.2145309251649,48.5506537603496,48.8812861602696,49.2072851836785,49.527926915333,49.8440577625062,50.1557336454723,,,
Philippines,PHL,People using safely managed drinking water services (% of population),SH.H2O.SMDW.ZS,,,,,,,,,,,,,,,,,,,,,,,,,,,,,,,,,,,,,,,,,,,,,,,,,,,,,,,,,,,
Palau,PLW,People using safely managed drinking water services (% of population),SH.H2O.SMDW.ZS,,,,,,,,,,,,,,,,,,,,,,,,,,,,,,,,,,,,,,,,,,,,,,,,,,,,,,,,,,,
Papua New Guinea,PNG,People using safely managed drinking water services (% of population),SH.H2O.SMDW.ZS,,,,,,,,,,,,,,,,,,,,,,,,,,,,,,,,,,,,,,,,,,,,,,,,,,,,,,,,,,,
Poland,POL,People using safely managed drinking water services (% of population),SH.H2O.SMDW.ZS,,,,,,,,,,,,,,,,,,,,,,,,,,,,,,,,,,,,,,,,,,,,,,93.9126880177936,93.9090152411032,93.9053093763345,93.9015704234875,93.8978645587189,93.8941586939501,93.8904528291815,93.8874087259786,93.8850594724199,93.8834381565836,93.8824786023132,,,
Pre-demographic dividend,PRE,People using safely managed drinking water services (% of population),SH.H2O.SMDW.ZS,,,,,,,,,,,,,,,,,,,,,,,,,,,,,,,,,,,,,,,,,,,,,,,,,,,,,,,,,,,
Puerto Rico,PRI,People using safely managed drinking water services (% of population),SH.H2O.SMDW.ZS,,,,,,,,,,,,,,,,,,,,,,,,,,,,,,,,,,,,,,,,,,,,,,,,,,,,,,,,,,,
"Korea, Dem. Peoples Rep.",PRK,People using safely managed drinking water services (% of population),SH.H2O.SMDW.ZS,,,,,,,,,,,,,,,,,,,,,,,,,,,,,,,,,,,,,,,,,,,,,,,,,,,,,,,,,,,
Portugal,PRT,People using safely managed drinking water services (% of population),SH.H2O.SMDW.ZS,,,,,,,,,,,,,,,,,,,,,,,,,,,,,,,,,,,,,,,,,93.4730255574778,93.60964767734,93.7452092659103,93.8810637691037,94.0172103300132,94.153396142142,94.2899332861209,94.4266310859437,94.5635508151938,94.6992840990818,94.7991080374222,94.8991935742072,94.9995175859807,95.0745244109771,95.107757698818,95.1091503357387,,,
Paraguay,PRY,People using safely managed drinking water services (% of population),SH.H2O.SMDW.ZS,,,,,,,,,,,,,,,,,,,,,,,,,,,,,,,,,,,,,,,,,,,,,,,,,,,,,,,,,,,
West Bank and Gaza,PSE,People using safely managed drinking water services (% of population),SH.H2O.SMDW.ZS,,,,,,,,,,,,,,,,,,,,,,,,,,,,,,,,,,,,,,,,,,,,,,,,,,,,,,,,,,,
Pacific island small states,PSS,People using safely managed drinking water services (% of population),SH.H2O.SMDW.ZS,,,,,,,,,,,,,,,,,,,,,,,,,,,,,,,,,,,,,,,,,,,,,,,,,,,,,,,,,,,
Post-demographic dividend,PST,People using safely managed drinking water services (% of population),SH.H2O.SMDW.ZS,,,,,,,,,,,,,,,,,,,,,,,,,,,,,,,,,,,,,,,,,,,,,,95.0026847172424,95.2700302190243,95.5440475584218,95.8135344854694,96.0728091724656,96.3258519803255,96.5711852860451,96.8056561637886,97.0026657590343,97.0415796531784,97.082495484874,,,
French Polynesia,PYF,People using safely managed drinking water services (% of population),SH.H2O.SMDW.ZS,,,,,,,,,,,,,,,,,,,,,,,,,,,,,,,,,,,,,,,,,,,,,,,,,,,,,,,,,,,
Qatar,QAT,People using safely managed drinking water services (% of population),SH.H2O.SMDW.ZS,,,,,,,,,,,,,,,,,,,,,,,,,,,,,,,,,,,,,,,,,,,,,,,,,,,,,,,,,,,
Romania,ROU,People using safely managed drinking water services (% of population),SH.H2O.SMDW.ZS,,,,,,,,,,,,,,,,,,,,,,,,,,,,,,,,,,,,,,,,,95.3252173913044,95.3252173913044,95.3252173913044,95.3252173913044,95.6593478260869,95.9934782608696,96.3276086956522,96.1659919265539,94.9678644036021,93.7697368806503,92.5716093576984,91.3734818347466,90.1753543117943,88.9772267888425,87.7790992658906,87.7790992658906,,,
Russian Federation,RUS,People using safely managed drinking water services (% of population),SH.H2O.SMDW.ZS,,,,,,,,,,,,,,,,,,,,,,,,,,,,,,,,,,,,,,,,,74.7611507882716,74.75993845175,74.7990708596737,74.8492833683877,74.9032202951792,74.9569687675474,75.0105287854925,75.0639003490143,75.1170834581128,75.169791780162,75.2226000743522,75.275219914119,75.3301717567707,75.3879549797281,75.4476728942283,75.510096552752,,,
Rwanda,RWA,People using safely managed drinking water services (% of population),SH.H2O.SMDW.ZS,,,,,,,,,,,,,,,,,,,,,,,,,,,,,,,,,,,,,,,,,,,,,,,,,,,,,,,,,,,
South Asia,SAS,People using safely managed drinking water services (% of population),SH.H2O.SMDW.ZS,,,,,,,,,,,,,,,,,,,,,,,,,,,,,,,,,,,,,,,,,,,,,,,,,,,,,,,,,,,
Saudi Arabia,SAU,People using safely managed drinking water services (% of population),SH.H2O.SMDW.ZS,,,,,,,,,,,,,,,,,,,,,,,,,,,,,,,,,,,,,,,,,,,,,,,,,,,,,,,,,,,
Sudan,SDN,People using safely managed drinking water services (% of population),SH.H2O.SMDW.ZS,,,,,,,,,,,,,,,,,,,,,,,,,,,,,,,,,,,,,,,,,,,,,,,,,,,,,,,,,,,
Senegal,SEN,People using safely managed drinking water services (% of population),SH.H2O.SMDW.ZS,,,,,,,,,,,,,,,,,,,,,,,,,,,,,,,,,,,,,,,,,,,,,,,,,,,,,,,,,,,
Singapore,SGP,People using safely managed drinking water services (% of population),SH.H2O.SMDW.ZS,,,,,,,,,,,,,,,,,,,,,,,,,,,,,,,,,,,,,,,,,100,100,100,100,100,100,100,100,100,100,100,100,100,100,100,100,,,
Solomon Islands,SLB,People using safely managed drinking water services (% of population),SH.H2O.SMDW.ZS,,,,,,,,,,,,,,,,,,,,,,,,,,,,,,,,,,,,,,,,,,,,,,,,,,,,,,,,,,,
Sierra Leone,SLE,People using safely managed drinking water services (% of population),SH.H2O.SMDW.ZS,,,,,,,,,,,,,,,,,,,,,,,,,,,,,,,,,,,,,,,,,,,,,,,,,,,,,,,,,,,
El Salvador,SLV,People using safely managed drinking water services (% of population),SH.H2O.SMDW.ZS,,,,,,,,,,,,,,,,,,,,,,,,,,,,,,,,,,,,,,,,,,,,,,,,,,,,,,,,,,,
San Marino,SMR,People using safely managed drinking water services (% of population),SH.H2O.SMDW.ZS,,,,,,,,,,,,,,,,,,,,,,,,,,,,,,,,,,,,,,,,,100,100,100,100,100,100,100,100,100,100,100,100,100,100,100,100,,,
Somalia,SOM,People using safely managed drinking water services (% of population),SH.H2O.SMDW.ZS,,,,,,,,,,,,,,,,,,,,,,,,,,,,,,,,,,,,,,,,,,,,,,,,,,,,,,,,,,,
Serbia,SRB,People using safely managed drinking water services (% of population),SH.H2O.SMDW.ZS,,,,,,,,,,,,,,,,,,,,,,,,,,,,,,,,,,,,,,,,,76.4271113277321,76.495920732621,76.5647008629421,76.6334517186954,76.701859775488,77.8345662853094,78.9455254681219,80.0339372700714,81.0490548337519,82.0637598735949,83.0780558558777,84.0919464590109,85.1054244746164,86.1185573482018,87.1313440573213,88.143787246968,,,
Sub-Saharan Africa (excluding high income),SSA,People using safely managed drinking water services (% of population),SH.H2O.SMDW.ZS,,,,,,,,,,,,,,,,,,,,,,,,,,,,,,,,,,,,,,,,,,,,,,,,,,,,,,,,,,,
South Sudan,SSD,People using safely managed drinking water services (% of population),SH.H2O.SMDW.ZS,,,,,,,,,,,,,,,,,,,,,,,,,,,,,,,,,,,,,,,,,,,,,,,,,,,,,,,,,,,
Sub-Saharan Africa,SSF,People using safely managed drinking water services (% of population),SH.H2O.SMDW.ZS,,,,,,,,,,,,,,,,,,,,,,,,,,,,,,,,,,,,,,,,,18.25,18.55,18.85,19.14,19.49,19.88,20.28,20.68,21.11,21.54,21.98,22.27,22.73,23.2,23.68,24.16,,,
Small states,SST,People using safely managed drinking water services (% of population),SH.H2O.SMDW.ZS,,,,,,,,,,,,,,,,,,,,,,,,,,,,,,,,,,,,,,,,,,,,,,,,,,,,,,,,,,,
Sao Tome and Principe,STP,People using safely managed drinking water services (% of population),SH.H2O.SMDW.ZS,,,,,,,,,,,,,,,,,,,,,,,,,,,,,,,,,,,,,,,,,,,,,,,,,,,,,,,,,,,
Suriname,SUR,People using safely managed drinking water services (% of population),SH.H2O.SMDW.ZS,,,,,,,,,,,,,,,,,,,,,,,,,,,,,,,,,,,,,,,,,,,,,,,,,,,,,,,,,,,
Slovak Republic,SVK,People using safely managed drinking water services (% of population),SH.H2O.SMDW.ZS,,,,,,,,,,,,,,,,,,,,,,,,,,,,,,,,,,,,,,,,,93.455961,93.454771,93.452221,93.449671,93.447121,93.444571,93.442004,93.439437,93.436887,93.43432,93.429645,93.42497,93.420771,93.417065,93.413869,93.411166,,,
Slovenia,SVN,People using safely managed drinking water services (% of population),SH.H2O.SMDW.ZS,,,,,,,,,,,,,,,,,,,,,,,,,,,,,,,,,,,,,,,,,77.4347045686759,77.4298111008954,77.4248159520002,79.0462932294252,80.6675674565308,82.2886397293425,83.9095111438844,85.530182796182,87.1506529193834,88.7709311981447,90.3910073909035,92.0108910173911,93.6305803657307,95.2500765319476,96.8694375016605,98.0289234265063,,,
Sweden,SWE,People using safely managed drinking water services (% of population),SH.H2O.SMDW.ZS,,,,,,,,,,,,,,,,,,,,,,,,,,,,,,,,,,,,,,,,,97.95,97.95,97.95,97.95,97.95,97.95,97.95,97.95,97.95,97.95,97.95,97.95,97.95,97.95,97.95,97.95,,,
Swaziland,SWZ,People using safely managed drinking water services (% of population),SH.H2O.SMDW.ZS,,,,,,,,,,,,,,,,,,,,,,,,,,,,,,,,,,,,,,,,,,,,,,,,,,,,,,,,,,,
Sint Maarten (Dutch part),SXM,People using safely managed drinking water services (% of population),SH.H2O.SMDW.ZS,,,,,,,,,,,,,,,,,,,,,,,,,,,,,,,,,,,,,,,,,,,,,,,,,,,,,,,,,,,
Seychelles,SYC,People using safely managed drinking water services (% of population),SH.H2O.SMDW.ZS,,,,,,,,,,,,,,,,,,,,,,,,,,,,,,,,,,,,,,,,,,,,,,,,,,,,,,,,,,,
Syrian Arab Republic,SYR,People using safely managed drinking water services (% of population),SH.H2O.SMDW.ZS,,,,,,,,,,,,,,,,,,,,,,,,,,,,,,,,,,,,,,,,,,,,,,,,,,,,,,,,,,,
Turks and Caicos Islands,TCA,People using safely managed drinking water services (% of population),SH.H2O.SMDW.ZS,,,,,,,,,,,,,,,,,,,,,,,,,,,,,,,,,,,,,,,,,,,,,,,,,,,,,,,,,,,
Chad,TCD,People using safely managed drinking water services (% of population),SH.H2O.SMDW.ZS,,,,,,,,,,,,,,,,,,,,,,,,,,,,,,,,,,,,,,,,,,,,,,,,,,,,,,,,,,,
East Asia & Pacific (IDA & IBRD countries),TEA,People using safely managed drinking water services (% of population),SH.H2O.SMDW.ZS,,,,,,,,,,,,,,,,,,,,,,,,,,,,,,,,,,,,,,,,,,,,,,,,,,,,,,,,,,,
Europe & Central Asia (IDA & IBRD countries),TEC,People using safely managed drinking water services (% of population),SH.H2O.SMDW.ZS,,,,,,,,,,,,,,,,,,,,,,,,,,,,,,,,,,,,,,,,,70.9342298879653,70.9797092339041,71.0854046979175,71.2191265917693,71.8781605235569,74.9052028387179,75.528221300181,76.0704828567312,76.5403469962738,77.0157975101975,77.4577395321402,77.8868541272754,78.2862149770686,81.2032013155294,81.2393015252135,81.3158466879511,,,
Togo,TGO,People using safely managed drinking water services (% of population),SH.H2O.SMDW.ZS,,,,,,,,,,,,,,,,,,,,,,,,,,,,,,,,,,,,,,,,,,,,,,,,,,,,,,,,,,,
Thailand,THA,People using safely managed drinking water services (% of population),SH.H2O.SMDW.ZS,,,,,,,,,,,,,,,,,,,,,,,,,,,,,,,,,,,,,,,,,,,,,,,,,,,,,,,,,,,
Tajikistan,TJK,People using safely managed drinking water services (% of population),SH.H2O.SMDW.ZS,,,,,,,,,,,,,,,,,,,,,,,,,,,,,,,,,,,,,,,,,37.2097816487514,37.9436270794945,38.6758705853341,39.4059709513952,40.1452729872954,40.8814319094582,41.6149195895831,42.3452901482485,43.0729704072638,43.7977439769979,44.5194391709758,45.2384157562723,45.9572145255963,46.6752421802872,47.3919091664028,47.4035467451486,,,
Turkmenistan,TKM,People using safely managed drinking water services (% of population),SH.H2O.SMDW.ZS,,,,,,,,,,,,,,,,,,,,,,,,,,,,,,,,,,,,,,,,,67.2539420282025,68.5081885238202,69.7761718934968,71.0572343898087,72.3510890085088,73.5604421785694,74.7832194474471,76.0179861352612,77.2637461521097,78.5192131741104,79.7828120051801,81.0535623815542,82.3300143697043,83.6108458367537,84.8821016128216,86.1474716235858,,,
Latin America & the Caribbean (IDA & IBRD countries),TLA,People using safely managed drinking water services (% of population),SH.H2O.SMDW.ZS,,,,,,,,,,,,,,,,,,,,,,,,,,,,,,,,,,,,,,,,,,,,,,,,,,,,,,,,,,,
Timor-Leste,TLS,People using safely managed drinking water services (% of population),SH.H2O.SMDW.ZS,,,,,,,,,,,,,,,,,,,,,,,,,,,,,,,,,,,,,,,,,,,,,,,,,,,,,,,,,,,
Middle East & North Africa (IDA & IBRD countries),TMN,People using safely managed drinking water services (% of population),SH.H2O.SMDW.ZS,,,,,,,,,,,,,,,,,,,,,,,,,,,,,,,,,,,,,,,,,,,,,,,,,,,,,,,,,,,
Tonga,TON,People using safely managed drinking water services (% of population),SH.H2O.SMDW.ZS,,,,,,,,,,,,,,,,,,,,,,,,,,,,,,,,,,,,,,,,,,,,,,,,,,,,,,,,,,,
South Asia (IDA & IBRD),TSA,People using safely managed drinking water services (% of population),SH.H2O.SMDW.ZS,,,,,,,,,,,,,,,,,,,,,,,,,,,,,,,,,,,,,,,,,,,,,,,,,,,,,,,,,,,
Sub-Saharan Africa (IDA & IBRD countries),TSS,People using safely managed drinking water services (% of population),SH.H2O.SMDW.ZS,,,,,,,,,,,,,,,,,,,,,,,,,,,,,,,,,,,,,,,,,,,,,,,,,,,,,,,,,,,
Trinidad and Tobago,TTO,People using safely managed drinking water services (% of population),SH.H2O.SMDW.ZS,,,,,,,,,,,,,,,,,,,,,,,,,,,,,,,,,,,,,,,,,,,,,,,,,,,,,,,,,,,
Tunisia,TUN,People using safely managed drinking water services (% of population),SH.H2O.SMDW.ZS,,,,,,,,,,,,,,,,,,,,,,,,,,,,,,,,,,,,,,,,,37.0773670504356,42.0679017002676,47.1093027060603,52.2006365262206,57.3376948292695,62.5075801476643,67.7241154966826,72.9868653131252,78.2955711120471,83.6495444176336,89.0486125183861,91.2598116027102,91.6843517997273,92.0991622015589,92.42017774634,92.7380117036359,,,
Turkey,TUR,People using safely managed drinking water services (% of population),SH.H2O.SMDW.ZS,,,,,,,,,,,,,,,,,,,,,,,,,,,,,,,,,,,,,,,,,,,,,,,,,,,,,,,,,,,
Tuvalu,TUV,People using safely managed drinking water services (% of population),SH.H2O.SMDW.ZS,,,,,,,,,,,,,,,,,,,,,,,,,,,,,,,,,,,,,,,,,,,,,,,,,,,,,,,,,,,
Tanzania,TZA,People using safely managed drinking water services (% of population),SH.H2O.SMDW.ZS,,,,,,,,,,,,,,,,,,,,,,,,,,,,,,,,,,,,,,,,,,,,,,,,,,,,,,,,,,,
Uganda,UGA,People using safely managed drinking water services (% of population),SH.H2O.SMDW.ZS,,,,,,,,,,,,,,,,,,,,,,,,,,,,,,,,,,,,,,,,,3.90708502217281,4.02028270358397,4.13829164222024,4.29304962663676,4.45935628980107,4.62829087159118,4.80010214285418,4.97439421507745,5.15098520096396,5.32969075509055,5.51049575180758,5.69302375082931,5.87739497704539,6.06336752133398,6.25069603319657,6.43899961400888,,,
Ukraine,UKR,People using safely managed drinking water services (% of population),SH.H2O.SMDW.ZS,,,,,,,,,,,,,,,,,,,,,,,,,,,,,,,,,,,,,,,,,64.6522272054992,64.7395013047247,64.8285202114518,64.9183212251278,67.6746821748935,70.4381210595818,73.2075263594514,75.9831532016354,78.7649222923445,81.5527106943758,84.3465431541529,87.1462458282491,89.9516578914708,92.3396776675175,92.0648282681727,92.1625806017013,,,
Upper middle income,UMC,People using safely managed drinking water services (% of population),SH.H2O.SMDW.ZS,,,,,,,,,,,,,,,,,,,,,,,,,,,,,,,,,,,,,,,,,,,,,,,,,,,,,,,,,,,
Uruguay,URY,People using safely managed drinking water services (% of population),SH.H2O.SMDW.ZS,,,,,,,,,,,,,,,,,,,,,,,,,,,,,,,,,,,,,,,,,,,,,,,,,,,,,,,,,,,
United States,USA,People using safely managed drinking water services (% of population),SH.H2O.SMDW.ZS,,,,,,,,,,,,,,,,,,,,,,,,,,,,,,,,,,,,,,,,,,,,,,98.9541342528534,98.9610777193488,98.967980580777,98.974842837138,98.9816644884317,98.988404929591,98.9952265808847,99.0020482321785,99.0089104885394,99.0158133499676,99.0227162113958,,,
Uzbekistan,UZB,People using safely managed drinking water services (% of population),SH.H2O.SMDW.ZS,,,,,,,,,,,,,,,,,,,,,,,,,,,,,,,,,,,,,,,,,51.4455908364049,51.4885811534025,51.5220529705332,51.5459503664963,51.5607542080094,51.5658844093729,51.5612854196254,51.4056277079498,51.235617765028,51.1968626546355,51.1725022995317,51.1625366997165,51.1675194996241,,,,,,
St. Vincent and the Grenadines,VCT,People using safely managed drinking water services (% of population),SH.H2O.SMDW.ZS,,,,,,,,,,,,,,,,,,,,,,,,,,,,,,,,,,,,,,,,,,,,,,,,,,,,,,,,,,,
"Venezuela, RB",VEN,People using safely managed drinking water services (% of population),SH.H2O.SMDW.ZS,,,,,,,,,,,,,,,,,,,,,,,,,,,,,,,,,,,,,,,,,,,,,,,,,,,,,,,,,,,
British Virgin Islands,VGB,People using safely managed drinking water services (% of population),SH.H2O.SMDW.ZS,,,,,,,,,,,,,,,,,,,,,,,,,,,,,,,,,,,,,,,,,,,,,,,,,,,,,,,,,,,
Virgin Islands (U.S.),VIR,People using safely managed drinking water services (% of population),SH.H2O.SMDW.ZS,,,,,,,,,,,,,,,,,,,,,,,,,,,,,,,,,,,,,,,,,,,,,,,,,,,,,,,,,,,
Vietnam,VNM,People using safely managed drinking water services (% of population),SH.H2O.SMDW.ZS,,,,,,,,,,,,,,,,,,,,,,,,,,,,,,,,,,,,,,,,,,,,,,,,,,,,,,,,,,,
Vanuatu,VUT,People using safely managed drinking water services (% of population),SH.H2O.SMDW.ZS,,,,,,,,,,,,,,,,,,,,,,,,,,,,,,,,,,,,,,,,,,,,,,,,,,,,,,,,,,,
World,WLD,People using safely managed drinking water services (% of population),SH.H2O.SMDW.ZS,,,,,,,,,,,,,,,,,,,,,,,,,,,,,,,,,,,,,,,,,61.42,61.81,62.82,63.75,64.71,66.09,67.06,68.02,68.97,69.9,70.82,71.14,71.22,71.09,71.14,71.16,,,
Samoa,WSM,People using safely managed drinking water services (% of population),SH.H2O.SMDW.ZS,,,,,,,,,,,,,,,,,,,,,,,,,,,,,,,,,,,,,,,,,,,,,,,,,,,,,,,,,,,
Kosovo,XKX,People using safely managed drinking water services (% of population),SH.H2O.SMDW.ZS,,,,,,,,,,,,,,,,,,,,,,,,,,,,,,,,,,,,,,,,,,,,,,,,,,,,,,,,,,,
"Yemen, Rep.",YEM,People using safely managed drinking water services (% of population),SH.H2O.SMDW.ZS,,,,,,,,,,,,,,,,,,,,,,,,,,,,,,,,,,,,,,,,,,,,,,,,,,,,,,,,,,,
South Africa,ZAF,People using safely managed drinking water services (% of population),SH.H2O.SMDW.ZS,,,,,,,,,,,,,,,,,,,,,,,,,,,,,,,,,,,,,,,,,,,,,,,,,,,,,,,,,,,
Zambia,ZMB,People using safely managed drinking water services (% of population),SH.H2O.SMDW.ZS,,,,,,,,,,,,,,,,,,,,,,,,,,,,,,,,,,,,,,,,,,,,,,,,,,,,,,,,,,,
Zimbabwe,ZWE,People using safely managed drinking water services (% of population),SH.H2O.SMDW.ZS,,,,,,,,,,,,,,,,,,,,,,,,,,,,,,,,,,,,,,,,,,,,,,,,,,,,,,,,,,,